{"cameraMode":{"drawMode":0,"name":"Shaded","section":"Shading Mode"},"sceneLighting":false,"audioPlay":false,"sceneViewState":{"m_AlwaysRefresh":false,"showFog":true,"showSkybox":false,"showFlares":true,"showImageEffects":true,"showParticleSystems":true,"showVisualEffectGraphs":true,"m_FxEnabled":true},"in2DMode":false,"pivot":{"x":14.696067810058594,"y":1.0272674560546876,"z":-3.023204803466797},"rotation":{"x":-0.08535373210906983,"y":0.8924917578697205,"z":-0.19051674008369447,"w":-0.39984631538391116},"size":3.5918588638305666,"orthographic":false}